uuid,equivalentUuid
7bb97e5c-9a2d-434f-8eb7-09ab65d7e8ed,ef6e5c3d-4f57-47c2-82f3-07b362a28ed1
7bb97e5c-9a2d-434f-8eb7-09ab65d7e8ed,3d5afabf-0a77-434b-a9bb-49907e1fa72b
7bb97e5c-9a2d-434f-8eb7-09ab65d7e8ed,1551966c-162a-4688-9f46-f4a5b3400f4a
7bb97e5c-9a2d-434f-8eb7-09ab65d7e8ed,a95daee1-2140-4e84-aec6-dcaef7297b93
d5f65b3f-4f25-4cef-a5eb-a414324138ab,e502739a-7f0d-40e8-a442-130173651b7b
d5f65b3f-4f25-4cef-a5eb-a414324138ab,cfb04c21-3916-4c8d-b4c1-165ec4ea7d70
57487b0a-8762-4621-a1ea-ef9768275d64,6b9e03c6-c077-4307-91c4-93d2ed1be35c
57487b0a-8762-4621-a1ea-ef9768275d64,e1ad4687-9a63-4d5e-bd2b-595a74fc6c39
33a3c1c4-34b0-461b-9fd1-2fd35f224d8d,0e1279cc-cb79-4450-828a-e43b77577081
33a3c1c4-34b0-461b-9fd1-2fd35f224d8d,12ed1c95-0049-4af7-a5b3-edb844129055
33a3c1c4-34b0-461b-9fd1-2fd35f224d8d,9898eab7-8bbe-42f9-b1e8-a3797f27dbe6
33a3c1c4-34b0-461b-9fd1-2fd35f224d8d,22c95cce-1199-429d-b32b-8ec93aa834b4
33a3c1c4-34b0-461b-9fd1-2fd35f224d8d,20aa2224-5826-416b-a2c7-9ed6e0d25f03
33a3c1c4-34b0-461b-9fd1-2fd35f224d8d,a5e28687-2739-4c23-97ed-b07ed0667c0f
33a3c1c4-34b0-461b-9fd1-2fd35f224d8d,c9a48892-a0e5-474f-9d57-b88389b8c4ba
5988400b-8783-4eff-b3e8-5243f7425279,d232bb6a-7057-42fb-81d1-891ee92e4518
5fd4e99b-1fa2-4a20-b251-db220362b356,dacd2ba7-8d69-4d84-be07-b19dba9ca263
5fd4e99b-1fa2-4a20-b251-db220362b356,a52485fb-592b-45c1-90ec-d01606181d4f
edf83c18-823e-4af3-b5df-0caed2339469,0714e4af-f5ab-4e77-8e72-220ceeb4b13c
edf83c18-823e-4af3-b5df-0caed2339469,3bd205d2-c2e6-4ec3-a2d3-eb8bf8259128
fc1b011b-b6f3-4516-8d81-f20d909425d7,a7770f90-0611-40c6-a3ad-fc7bfd052758
fc1b011b-b6f3-4516-8d81-f20d909425d7,0d42f8ca-4bac-437d-a2e4-b82122302381
a499285b-92c5-462f-8c87-2d12406d0793,d8fe9f5a-ae6b-47bb-b122-f0bfe1d3350b
a499285b-92c5-462f-8c87-2d12406d0793,94b2c306-cc18-444f-af2c-07664a105393
3fa4f55e-9d4f-4959-b961-d8d62f543075,cf534ef2-f21e-410f-9dd6-96c57903d6f2
3fa4f55e-9d4f-4959-b961-d8d62f543075,4b6f00be-f3e9-41e8-9a18-80bc100841e5
3fa4f55e-9d4f-4959-b961-d8d62f543075,fb2f31ee-2712-4924-a0e8-7feddc93e0ad
3fa4f55e-9d4f-4959-b961-d8d62f543075,59715e2b-8632-42cf-895a-87e8abb1420c
ec31b270-a4d7-4167-b57f-f5c6ac0d25fa,b6003586-a424-4aa4-8499-653dab2934c8
ec31b270-a4d7-4167-b57f-f5c6ac0d25fa,0ba8d7df-f390-4f10-b10c-e235b8b5a791
58001ad0-9e5a-4e7a-a60d-97fdc08ef2fb,45a1287b-aff5-4a41-b818-5880905ddc9d
58001ad0-9e5a-4e7a-a60d-97fdc08ef2fb,531b23ec-16c6-46e1-9b4a-8f65311a5682
58001ad0-9e5a-4e7a-a60d-97fdc08ef2fb,6a5ea04d-4e3b-4bcb-99c4-938fe552f647
f41b6505-9a3e-481d-bc2c-346d54c47491,b953eb47-eab1-4a4e-a1da-fade252e2eba
f41b6505-9a3e-481d-bc2c-346d54c47491,7cf43193-56b8-4c02-a0e4-e87f61a6a379
f41b6505-9a3e-481d-bc2c-346d54c47491,e4a29cda-a5c2-4386-901a-f7f3a01bb0fa
93739ebc-f716-464e-8f72-3a4baea10cbe,e422e7c9-f7d0-4bb1-89fb-ca9408aa4b53
93739ebc-f716-464e-8f72-3a4baea10cbe,32877136-040b-4994-b1ab-732bbb97da4f
93739ebc-f716-464e-8f72-3a4baea10cbe,44891992-08d5-475b-9bef-4e3438df6264
bc402d78-b9e5-46f1-a11e-e67c77e2deaa,13f9c766-ed6b-4bee-bddf-6b4fb184b701
bc402d78-b9e5-46f1-a11e-e67c77e2deaa,6fa459cf-6547-4976-afba-5f8f12b711a8
bc402d78-b9e5-46f1-a11e-e67c77e2deaa,3244f9b5-3420-480b-b292-b6dc098b744e
5d686c90-89f6-431a-be4d-4701c2d5c6b3,a1bbe3d9-9c1f-4c7d-b64c-5994362deffb
5d686c90-89f6-431a-be4d-4701c2d5c6b3,399cc46f-1c8c-46c6-b30e-aab7e801159b
