uuid,id_interne,prix,unit√©
2beee429-09c5-41f0-9383-2a7a58c087f8,21290213_EA,5.49,ch
76538387-342a-4fe1-a3af-fd841b9efcb4,21289774_EA,6.49,ch
8787162f-5963-4e12-9ed7-8c2067a598a2,20913404_EA,3.79,ch
bc402d78-b9e5-46f1-a11e-e67c77e2deaa,20126157_EA,4.29,ch
02d537ca-8341-47b2-acd2-f0bf0d8e9c5d,21030802_EA,4.29,ch
341f833a-1ddf-4cf4-bd79-a02304bc4221,21430748_EA,6.99,ch
65eaf000-c1f3-455b-a0e8-d59d1476dbaa,20975529_EA,1.49,ch
aef34427-0e84-4dae-a1f5-29f7d0511bbf,20326180002_EA,4.39,ch
93af6544-51d5-4b7c-bd4a-b42baf319a86,20159982_EA,3.99,ch
22179915-915a-410f-bc2e-2434e74c1074,20024150_EA,11.99,ch
6fa22fdd-3eae-414f-a933-d838590df41d,20218912_EA,4.69,ch
22a05a27-1b32-495e-b744-29691a2fad50,20901520_EA,8.79,ch
2b6dc04b-ac58-475c-9833-1c84443244ff,20299648_EA,4.49,ch
5988400b-8783-4eff-b3e8-5243f7425279,20039581005_EA,7.29,ch
e502739a-7f0d-40e8-a442-130173651b7b,20309640_EA,2.99,ch
6b9e03c6-c077-4307-91c4-93d2ed1be35c,20169852_EA,2.99,ch
c6deb95c-32bf-483f-a87c-7807184d7b9d,21450851_EA,4.79,ch
4e4181c7-b048-4d0e-a025-43cc45676734,20299648_EA,4.49,ch
1551966c-162a-4688-9f46-f4a5b3400f4a,20069589_EA,4.49,ch
a95daee1-2140-4e84-aec6-dcaef7297b93,21397532_EA,7.99,ch
05fbae84-35c9-4a3d-b74e-6c1b38b09754,20925132_EA,3.99,ch
0e1279cc-cb79-4450-828a-e43b77577081,20768660_EA,5.49,ch
12ed1c95-0049-4af7-a5b3-edb844129055,20088990_EA,5.99,ch
9898eab7-8bbe-42f9-b1e8-a3797f27dbe6,20099523_EA,7.49,ch
22c95cce-1199-429d-b32b-8ec93aa834b4,20047430_EA,6.99,ch
26eceb66-8992-47a9-936d-1b63a9a977c7,20039581001_EA,7.29,ch
dacd2ba7-8d69-4d84-be07-b19dba9ca263,20315613002_EA,1.99,ch
0714e4af-f5ab-4e77-8e72-220ceeb4b13c,21001575_EA,2.5,ch
a7770f90-0611-40c6-a3ad-fc7bfd052758,20131344005_EA,3.79,ch
d8fe9f5a-ae6b-47bb-b122-f0bfe1d3350b,20063296001_EA,2.29,ch
cf534ef2-f21e-410f-9dd6-96c57903d6f2,20600787_EA,1.49,ch
4b6f00be-f3e9-41e8-9a18-80bc100841e5,20034188_EA,1.69,ch
b6003586-a424-4aa4-8499-653dab2934c8,20145033_EA,2.99,ch
9a15d96f-250a-4636-b7fb-9b11965b5ed8,20126203_EA,1.49,ch
45a1287b-aff5-4a41-b818-5880905ddc9d,20032552001_EA,3.99,ch
531b23ec-16c6-46e1-9b4a-8f65311a5682,20055670_EA,3.79,ch
6a5ea04d-4e3b-4bcb-99c4-938fe552f647,20321624001_EA,4.29,ch
b953eb47-eab1-4a4e-a1da-fade252e2eba,21180125_EA,3.79,ch
e422e7c9-f7d0-4bb1-89fb-ca9408aa4b53,21393556_EA,16.99,ch
44891992-08d5-475b-9bef-4e3438df6264,21380616_EA,6.49,ch
a1bbe3d9-9c1f-4c7d-b64c-5994362deffb,20812144001_EA,3.85,ch
290c6c76-7504-4c2b-869b-04b9c4ee8519,20639926_EA,7.99,ch
ea52d17a-b45e-4ed7-97f8-97a2c3e57dc2,21290366_EA,5.49,ch
176040f7-74e9-46c2-9d02-596d542d4226,20970999_EA,2.0,ch
cfb04c21-3916-4c8d-b4c1-165ec4ea7d70,20102967_EA,4.39,ch
e1ad4687-9a63-4d5e-bd2b-595a74fc6c39,20303808_EA,4.39,ch
3d5afabf-0a77-434b-a9bb-49907e1fa72b,20144395_EA,6.99,ch
ef6e5c3d-4f57-47c2-82f3-07b362a28ed1,20154364_EA,5.49,ch
20aa2224-5826-416b-a2c7-9ed6e0d25f03,21406114_EA,9.49,ch
a5e28687-2739-4c23-97ed-b07ed0667c0f,21406116_EA,9.49,ch
c9a48892-a0e5-474f-9d57-b88389b8c4ba,20173374_EA,8.99,ch
d232bb6a-7057-42fb-81d1-891ee92e4518,20296985001_EA,4.49,ch
a52485fb-592b-45c1-90ec-d01606181d4f,20308402001_EA,4.29,ch
3bd205d2-c2e6-4ec3-a2d3-eb8bf8259128,21404963_EA,2.79,ch
0d42f8ca-4bac-437d-a2e4-b82122302381,20323101012_EA,4.49,ch
94b2c306-cc18-444f-af2c-07664a105393,20599748002_EA,2.0,ch
fb2f31ee-2712-4924-a0e8-7feddc93e0ad,20314629001_EA,1.49,ch
59715e2b-8632-42cf-895a-87e8abb1420c,21207592_EA,1.79,ch
0ba8d7df-f390-4f10-b10c-e235b8b5a791,20032352_EA,2.99,ch
7cf43193-56b8-4c02-a0e4-e87f61a6a379,20873036_EA,6.99,ch
e4a29cda-a5c2-4386-901a-f7f3a01bb0fa,21026608_EA,5.29,ch
32877136-040b-4994-b1ab-732bbb97da4f,20312861001_EA,8.99,ch
60850e76-9420-443c-a893-2f1bf9098fe5,20137611_EA,4.29,ch
13f9c766-ed6b-4bee-bddf-6b4fb184b701,20301315004_EA,4.49,ch
6fa459cf-6547-4976-afba-5f8f12b711a8,20000433_EA,4.29,ch
3244f9b5-3420-480b-b292-b6dc098b744e,20020563_EA,4.69,ch
399cc46f-1c8c-46c6-b30e-aab7e801159b,20812726001_EA,4.39,ch
6ec39882-0079-43f6-b59c-ac132fcf3561,20325029_EA,6.49,ch
feda8ec8-14ed-473a-a2bd-f66c2569c379,20902100_EA,7.49,ch
d0c11556-f5b4-4e9d-bca6-f655c6df13db,20964652_EA,5.99,ch
4f82538a-6d71-4a19-91bc-b4aee4acc031,20846061_EA,3.49,ch
3dc21c1a-fdbb-4b99-a140-97d1822a44ab,20971002_EA,6.99,ch
a51fdeb0-72ff-477a-8d92-5c52b0ee8366,20978531_EA,2.0,ch
912f2ce1-c0d2-4e4b-bed7-5833a54b10fd,20118684_EA,2.99,ch
